Strategy,Omega,Sortino,Kappa3,MaxDD,Calmar,Sterling,Burke
DM,0.12449341334073716,-3.143999538955676,,-0.3395530585856922,-0.12901966095154552,,
