threshold,mean_monthly_return,avg_trades_per_pair,avg_days_open
0.2,0.0049,4.8,11.0
0.3,0.00485,4.7,11.5
0.4,0.0048000000000000004,4.6,12.0
0.5,0.00475,4.5,12.5
0.6,0.0047,4.4,13.0
0.7,0.0046500000000000005,4.3,13.5
0.8,0.0046,4.2,14.0
